idema,lon,fint,prec,alt,vmax,vv,dv,lat,dmax,ubi,hr,tamin,ta,tamax,pres,stdvv,ts,pres_nmar,tpr,vis,stddv,inso,rviento,tss5cm,vmaxu,dvu,pacutp,vvu,stdvvu,stddvu,dmaxu,tss20cm,geo850,geo925,nieve,psoltp,pliqt,geo700,indicativo,provincia
0016A,1.178894,2024-01-07T19:00:00,0.0,71.0,14.9,9.4,300.0,41.14972,290.0,REUS/AEROPUERTO,38.0,8.3,8.4,9.5,1004.9,1.2,8.1,1014.2,-5.1,30.0,6.0,0.0,,,,,,,,,,,,,,,,,0016A,TARRAGONA
0076,2.069995,2024-01-07T19:00:00,0.0,4.0,12.4,7.3,340.0,41.29278,330.0,BARCELONA/AEROPUERTO,23.0,10.7,10.7,11.3,1011.4,0.6,10.5,1012.0,-9.4,30.0,4.0,0.0,,,,,,,,,,,,,,,,,0076,BARCELONA
0149X,1.84028,2024-01-07T19:00:00,0.0,291.0,8.6,1.9,356.0,41.71988,300.0,MANRESA,27.0,7.7,7.8,8.2,978.2,,5.3,1013.3,-9.9,20.0,,0.0,,6.6,,,,,,,,,,,,0.0,0.0,,0149X,BARCELONA
0201D,2.200001,2024-01-07T19:00:00,0.0,6.0,10.5,5.3,330.0,41.390556,323.0,BARCELONA CMT,27.0,10.7,10.7,11.2,,,,,-7.5,,,,197.0,,,,,,,,,,,,,,,,0201D,BARCELONA
0252D,2.54,2024-01-07T19:00:00,,74.0,6.9,3.4,324.0,41.587223,333.0,ARENYS DE MAR,17.0,10.1,10.3,11.3,,,,,-13.9,,,,121.0,,,,,,,,,,,,,,,,0252D,BARCELONA
0324A,2.196187,2024-01-07T19:00:00,0.0,675.0,,,,42.191387,,RIPOLL,29.0,5.4,5.5,5.8,,,,,-11.2,,,,81.0,,,,,,,,,,,,,,,,0324A,GIRONA
0367,2.763329,2024-01-07T19:00:00,0.0,143.0,3.1,0.4,200.0,41.911667,200.0,GIRONA/COSTA BRAVA,49.0,4.4,4.5,6.8,995.9,0.6,2.9,1011.8,-5.4,,82.0,0.0,,,,,,,,,,,,,,,,,0367,GIRONA
0372C,2.763611,2024-01-07T19:00:00,0.0,157.0,2.1,0.4,323.0,42.104443,250.0,PORQUERES,46.0,2.5,2.5,4.6,,,,,-7.8,,,,23.0,,,,,,,,,,,,,,,,0372C,GIRONA
1002Y,-1.542961,2024-01-07T19:00:00,0.4,183.0,1.9,0.9,326.0,43.135723,170.0,BAZTÁN  IRURITA,98.0,4.3,4.3,4.5,,0.3,,,3.9,,80.0,,,,,,,,,,,,,,,,,,1002Y,NAVARRA
1014A,-1.792116,2024-01-07T19:00:00,0.0,4.0,4.6,2.1,180.0,43.357075,130.0,DONOSTIA/SAN SEBASTIÁN AEROPUERTO,93.0,6.4,6.4,6.5,1023.1,0.8,6.0,1024.1,5.3,,72.0,,,,,,,,,,,,,,,,,,1014A,GIPUZKOA
1037Y,-2.3175,2024-01-07T19:00:00,0.4,420.0,5.6,1.0,276.0,43.079918,303.0,ZUMARRAGA,90.0,4.3,4.7,4.9,,,,,3.2,,,,62.0,,,,,,,,,,,,,,,,1037Y,GIPUZKOA
1041A,-2.251035,2024-01-07T19:00:00,0.7,28.0,15.0,5.3,39.0,43.30214,22.0,ZUMAIA,84.0,8.2,8.5,8.8,1021.0,,,1024.5,5.9,,,,222.0,,,,,,,,,,,,,,,,1041A,GIPUZKOA
1050J,-2.413218,2024-01-07T19:00:00,0.3,119.0,2.4,0.9,142.0,43.209293,135.0,ELGOIBAR,99.0,5.7,6.1,6.1,1009.9,,,1024.6,5.9,,,,28.0,,,,,,,,,,,,,,,,1050J,GIPUZKOA
1057B,-2.752762,2024-01-07T19:00:00,0.2,93.0,9.0,5.6,26.0,43.453907,25.0,MATXITXAKO,77.0,7.8,7.9,8.2,,,,,,,,,,,,,,,,,,,,,,,,,1057B,BIZKAIA
1059X,-3.021602,2024-01-07T19:00:00,0.6,81.0,14.2,4.9,45.0,43.375088,293.0,PUNTA GALEA ,82.0,7.1,8.0,8.9,1014.2,1.1,,1023.3,5.1,,15.0,,,,,,,,,,,,,,,,,,1059X,BIZKAIA
1078I,-3.104777,2024-01-07T19:00:00,1.5,208.0,7.9,3.1,21.0,43.203384,16.0,GÜEÑES,84.0,4.2,5.1,5.2,999.1,,,1024.8,2.7,,,,65.0,,,,,,,,,,,,,,,,1078I,BIZKAIA
1082,-2.906304,2024-01-07T19:00:00,0.0,42.0,6.2,1.3,220.0,43.29795,30.0,BILBAO AEROPUERTO,91.0,5.7,6.2,6.2,1020.5,0.6,6.9,1025.4,4.8,,46.0,0.0,,,,,,,,,,,,,,,,,1082,BIZKAIA
1083L,-3.233884,2024-01-07T19:00:00,0.0,45.0,7.3,2.0,292.0,43.39473,330.0,CASTRO URDIALES-EDAR,82.0,8.3,9.3,9.9,,,,,6.4,,,,94.0,,,,,,,,,,,,,,,,1083L,CANTABRIA
1111X,-3.800431,2024-01-07T19:00:00,0.0,50.96,7.8,5.2,22.0,43.491055,5.0,SANTANDER CMT,70.0,8.3,10.0,10.1,1017.9,0.8,8.5,1024.9,4.8,20.0,10.0,0.0,,9.9,7.9,19.0,0.0,5.2,1.2,9.0,3.0,10.0,,,,,,,1111X,CANTABRIA
1159,-4.392103,2024-01-07T19:00:00,0.0,38.0,4.1,1.8,226.0,43.393456,206.0,SAN VICENTE  FARO,91.0,7.4,7.8,7.8,1020.4,,,1025.3,6.4,,,,64.0,,,,,,,,,,,,,,,,1159,CANTABRIA
1183X,-4.748056,2024-01-07T19:00:00,0.0,10.0,4.8,2.1,218.0,43.420277,206.0,LLANES,77.0,8.1,8.1,8.5,1024.2,,7.5,1025.4,4.3,19.3,,0.0,,9.9,,,,,,,,,,,,0.0,0.0,,1183X,ASTURIAS
1207U,-5.621111,2024-01-07T19:00:00,0.2,25.8,2.5,1.4,113.0,43.523056,218.0,GIJÓN-CAMPUS,93.0,7.3,7.3,7.8,1022.3,0.3,8.6,1026.3,6.2,4.9,13.0,0.0,,10.6,,,0.24,,,,,11.2,,,,,,,1207U,ASTURIAS
1208H,-5.700833,2024-01-07T19:00:00,0.6,5.0,3.4,0.8,248.0,43.559723,262.0,GIJÓN  MUSEL,85.0,8.6,8.9,9.6,1025.0,,,,,,,,50.0,,,,,,,,,,,,,,,,1208H,ASTURIAS
1210X,-5.848572,2024-01-07T18:00:00,0.0,100.0,6.9,0.8,170.0,43.655926,95.0,CABO PEÑAS,75.0,9.3,9.3,10.0,,,,,5.1,,,,52.0,,,,,,,,,,,,,,,,1210X,ASTURIAS
1212E,-6.044173,2024-01-07T19:00:00,0.0,127.0,4.6,2.2,190.0,43.56694,190.0,ASTURIAS/AVILÉS,87.0,5.2,6.5,6.6,1010.1,0.1,8.6,1026.8,4.5,,5.0,0.0,,,,,,,,,,,,,,,,,1212E,ASTURIAS
1221D,-5.776392,2024-01-07T19:00:00,0.0,1480.0,0.4,0.2,286.0,42.978607,302.0,PAJARES - VALGRANDE,99.0,-1.9,-1.9,-1.7,,,,,-2.0,,,,1.0,,,,,,,,,,,,,,,,1221D,ASTURIAS
1249X,-5.873889,2024-01-07T19:00:00,0.0,334.44,1.8,0.9,173.0,43.353333,180.0,OVIEDO,82.0,6.5,6.5,7.1,985.6,0.2,5.6,1026.4,3.6,20.0,23.0,0.0,,6.9,,,0.0,,,,,7.0,,,,,,,1249X,ASTURIAS
1283U,-6.469998,2024-01-07T19:00:00,0.0,60.0,5.9,4.0,146.0,43.569164,152.0,CABO BUSTO,74.0,7.7,7.7,8.5,1017.7,,7.4,1025.1,3.4,20.0,,0.0,,10.1,,,,,,,,,,,,0.0,,,1283U,ASTURIAS
1331A,-7.031388,2024-01-07T19:00:00,0.0,40.0,2.0,1.1,192.0,43.524723,234.0,CASTROPOL,88.0,5.7,5.7,7.0,,,,,3.9,,,,27.0,,,,,,,,,,,,,,,,1331A,ASTURIAS
1351,-7.684866,2024-01-07T19:00:00,0.0,90.39,10.4,6.6,93.0,43.78621,105.0,ESTACA DE BARES,63.0,10.3,10.3,10.6,1013.9,,8.4,,,,,0.0,,10.3,,,,,,,,,,,,0.0,0.0,,1351,A CORUÑA
1387,-8.421517,2024-01-07T19:00:00,0.0,57.07,5.3,3.3,80.0,43.36597,110.0,A CORUÑA,71.0,9.3,9.3,10.1,1017.0,0.6,7.9,1025.0,4.3,20.0,10.0,0.0,,10.2,,,0.0,,,,,10.8,,,,,,,1387,A CORUÑA
1387E,-8.371975,2024-01-07T19:00:00,0.0,98.0,3.1,0.7,80.0,43.306953,110.0,A CORUÑA/ALVEDRO,73.0,7.3,7.5,8.8,1012.2,0.4,1.9,1024.9,3.0,30.0,88.0,0.0,,,,,,,,,,,,,,,,,1387E,A CORUÑA
1393,-9.210829,2024-01-07T19:00:00,0.0,50.0,,,,43.160557,,CABO VILAN,65.0,7.9,8.0,8.5,,,,,1.9,,,,,,,,,,,,,,,,,,,,1393,A CORUÑA
1400,-9.291434,2024-01-07T19:00:00,0.0,230.0,7.3,5.0,85.0,42.924828,83.0,FISTERRA,67.0,8.5,8.5,9.2,995.6,,6.0,1023.6,2.7,20.0,,0.0,,10.2,,,,,,,,,,,,0.0,0.0,,1400,A CORUÑA
1428,-8.410515,2024-01-07T19:00:00,0.0,370.0,3.6,0.4,80.0,42.888012,80.0,SANTIAGO DE COMPOSTELA/LABACOLLA,87.0,4.8,5.0,5.4,980.2,0.4,3.2,1025.1,3.0,30.0,118.0,0.0,,6.4,,,,,,,,5.7,,,,,,,1428,A CORUÑA
1473A,-8.627222,2024-01-07T19:00:00,0.0,100.0,3.1,0.5,56.0,42.738335,74.0,PADRÓN,78.0,5.2,5.3,6.5,,,,,1.7,,,,47.0,,,,,,,,,,,,,,,,1473A,A CORUÑA
1475X,-8.555833,2024-01-07T19:00:00,0.0,240.0,2.1,0.9,27.0,42.87611,39.0,SANTIAGO DE COMPOSTELA,76.0,6.6,6.6,8.1,,,,,2.7,,,,36.0,,,,,,,,,,,,,,,,1475X,A CORUÑA
1484C,-8.615833,2024-01-07T19:00:00,,113.3,1.6,0.8,108.0,42.43833,95.0,PONTEVEDRA,89.0,6.9,6.9,7.8,1009.5,0.2,3.6,1024.1,5.1,15.0,35.0,0.0,,8.1,,,0.0,,,,,9.9,,,,,,,1484C,PONTEVEDRA
1495,-8.623765,2024-01-07T19:00:00,0.0,254.6,4.1,2.2,200.0,42.238617,200.0,VIGO/PEINADOR,93.0,4.2,4.4,5.2,992.9,0.1,3.3,1024.8,3.4,,7.0,0.0,,,,,,,,,,,,,,,,,1495,PONTEVEDRA
1505,-7.4575,2024-01-07T18:00:00,0.0,442.18,3.6,0.4,169.0,43.11111,60.0,LUGO/ROZAS,85.0,4.5,4.5,6.8,971.1,0.2,0.0,1025.1,2.3,20.0,31.0,0.0,,7.6,,,0.0,,,,,7.9,,,,,,,1505,LUGO
1542,-6.414164,2024-01-07T19:00:00,0.0,1530.0,2.3,1.0,304.0,42.994164,324.0,PUERTO DE LEITARIEGOS,84.0,-5.9,-5.9,-5.1,850.4,,1.1,,-8.2,20.0,,0.0,,2.0,,,,,,,,,"{'value': 1535.5, 'present': True}",,,,0.0,,1542,ASTURIAS
1549,-6.6,2024-01-07T19:00:00,0.0,532.01,1.7,0.7,170.0,42.56389,210.0,PONFERRADA,97.0,1.1,1.1,1.3,961.2,0.3,1.8,1026.7,0.6,0.7,37.0,0.0,,6.3,,,0.0,,,,,6.8,,,,,,,1549,LEON
1631E,-7.282498,2024-01-07T19:00:00,0.0,840.0,1.7,1.1,301.0,42.339447,213.0,POBRA DE TRIVES SAN MAMEDE,89.0,0.3,0.3,1.3,925.3,,-0.1,,-1.2,,,0.0,,5.3,,,,,,,,,,842.6,,0.0,0.0,,1631E,OURENSE
1690A,-7.859722,2024-01-07T19:00:00,0.0,145.86,2.7,0.9,37.0,42.32528,345.0,OURENSE,92.0,4.4,4.4,5.2,,0.5,2.8,,,18.9,134.0,0.0,,10.5,,,0.0,,,,,9.5,,,,,,,1690A,OURENSE
1700X,-8.0925,2024-01-07T19:00:00,0.0,400.0,1.1,0.0,0.0,42.42139,193.0,O CARBALLIÑO,95.0,3.8,3.8,4.2,,,,,3.0,,,,1.0,,,,,,,,,,,,,,,,1700X,OURENSE
1735X,-7.733611,2024-01-07T19:00:00,0.0,616.0,2.7,1.6,59.0,42.079166,59.0,XINZO DE LIMIA,86.0,0.2,0.2,2.1,,,,,-2.0,,,,65.0,,,,,,,,,,,,,,,,1735X,OURENSE
2030,-2.483063,2024-01-07T19:00:00,0.0,1081.01,4.1,1.0,340.0,41.775017,355.0,SORIA,86.0,1.2,1.2,1.9,896.0,0.4,0.9,,-1.0,12.0,56.0,0.0,,6.5,,,0.05,,,,,6.8,"{'value': 1505.0, 'present': True}",,,,,,2030,SORIA
2117D,-3.742777,2024-01-07T19:00:00,0.0,790.0,2.4,0.7,286.0,41.665836,306.0,ARANDA DE DUERO,71.0,3.3,3.3,4.2,930.8,,2.4,,-1.4,20.0,,0.0,,4.6,,,,,,,,,,840.7,,0.0,0.0,,2117D,BURGOS
2150H,-3.475165,2024-01-07T19:00:00,0.0,1798.0,8.4,1.7,354.0,41.19193,9.0,LA PINILLA  ESTACIÓN DE ESQUÍ,97.0,-3.6,-3.5,-3.5,820.8,,0.6,,-3.9,,,0.0,,1.1,,,,,,,,,"{'value': 1521.6, 'present': True}",,,0.0,0.0,,2150H,SEGOVIA
2235U,-4.520031,2024-01-07T19:00:00,0.0,1140.0,2.6,1.2,312.0,42.87062,285.0,CERVERA DE PISUERGA,87.0,-0.3,-0.3,0.0,891.0,,-0.7,,-2.2,20.0,,0.0,,3.0,,,,,,,,,"{'value': 1515.4, 'present': True}",,,0.0,0.0,,2235U,PALENCIA
2298,-3.131688,2024-01-07T19:00:00,0.0,1080.0,5.8,3.1,313.0,41.95967,296.0,PALACIOS DE LA SIERRA,86.0,0.2,0.2,0.8,897.2,,0.3,,-2.0,20.0,,0.0,,4.9,,,,,,,,,"{'value': 1511.2, 'present': True}",,,0.0,0.0,,2298,BURGOS
2331,-3.620278,2024-01-07T19:00:00,0.0,891.0,7.2,3.5,332.0,42.356945,360.0,BURGOS/VILLAFRÍA,91.0,1.8,1.8,2.1,918.9,0.5,1.7,,0.4,,10.0,0.0,,5.0,,,0.0,,,,,5.9,,839.2,,,,,2331,BURGOS
2400E,-4.602777,2024-01-07T19:00:00,0.0,874.0,3.2,2.3,335.0,41.99568,298.0,PALENCIA-AUTILLA PINO,77.0,-0.1,0.2,1.5,,,,,-3.3,,,,86.0,,,,,,,,,,,,,,,,2400E,PALENCIA
2422,-4.754167,2024-01-07T19:00:00,0.0,734.29,2.5,1.1,276.0,41.64083,273.0,VALLADOLID,86.0,2.4,2.4,3.3,936.3,0.3,0.4,1025.1,0.2,20.0,17.0,0.0,,3.1,2.5,265.0,0.0,1.0,0.4,15.0,257.0,3.9,,,,,,,2422,VALLADOLID
2444,-4.679722,2024-01-07T19:00:00,0.0,1129.76,2.7,1.3,312.0,40.65917,348.0,ÁVILA,81.0,0.3,0.3,1.4,892.2,0.2,-2.5,,-2.5,20.0,14.0,0.0,,4.4,,,0.0,,,,,5.1,"{'value': 1519.8, 'present': True}",,,,,,2444,AVILA
2462,-4.010556,2024-01-07T19:00:00,0.0,1892.6,9.7,5.1,353.0,40.793056,343.0,NAVACERRADA PUERTO,99.0,-4.3,-4.3,-4.3,811.4,1.8,-0.9,,-4.5,0.2,12.0,0.0,,1.6,0.6,3.0,0.0,0.3,0.1,21.0,23.0,1.8,"{'value': 1518.9, 'present': True}",,19.0,,,,2462,MADRID
2465,-4.126389,2024-01-07T19:00:00,0.0,1008.25,2.0,0.8,342.0,40.94528,10.0,SEGOVIA,81.0,1.6,1.6,2.6,906.3,0.2,0.4,,-1.2,18.8,31.0,0.0,,5.7,,,0.0,,,,,5.3,"{'value': 1523.2, 'present': True}",,,,,,2465,SEGOVIA
2491C,-5.689876,2024-01-07T19:00:00,0.0,1960.0,6.4,2.7,248.0,40.355087,254.0,LA COVATILLA  ESTACIÓN DE ESQUÍ,64.0,-2.8,-2.6,-1.8,805.1,,-0.3,,-8.6,20.0,,0.0,,-0.5,,,,,,,,,"{'value': 1527.3, 'present': True}",,,0.0,0.0,,2491C,SALAMANCA
2614,-5.735278,2024-01-07T19:00:00,0.0,656.06,1.7,1.0,190.0,41.515556,210.0,ZAMORA,71.0,4.1,4.1,5.1,946.0,0.3,1.9,1025.1,-0.7,20.0,18.0,0.0,,3.2,,,0.0,,,,,4.6,,,,,,,2614,ZAMORA
2630X,-5.377067,2024-01-07T19:00:00,0.0,1510.0,9.6,5.3,293.0,43.06224,273.0,PUERTO DE SAN ISIDRO,93.0,-2.1,-1.9,-1.9,852.3,,1.7,,-3.0,1.3,,0.0,,3.1,,,,,,,,,"{'value': 1531.5, 'present': True}",,,4.0,0.4,,2630X,LEON
2661,-5.651111,2024-01-07T19:00:00,0.0,916.0,4.1,2.5,10.0,42.588333,360.0,LEÓN/VIRGEN DEL CAMINO,76.0,1.0,1.2,2.1,916.8,0.4,-0.4,,-2.5,,3.0,0.0,,,,,,,,,,,,844.5,,,,,2661,LEON
2737E,-6.196672,2024-01-07T19:00:00,0.0,1020.0,2.1,1.4,305.0,42.3775,304.0,LAGUNAS DE SOMOZA,78.0,,,,906.2,,,,,,,,25.0,,,,,,,,,,,,,,,,2737E,LEON
2755X,-5.666803,2024-01-07T19:00:00,0.0,715.0,4.4,1.0,227.0,42.010906,264.0,BENAVENTE,75.0,1.4,1.4,3.1,939.2,,0.9,1025.6,-2.5,20.0,,0.0,,6.4,,,,,,,,,,,,0.0,0.0,,2755X,ZAMORA
2775X,-6.279668,2024-01-07T19:00:00,0.0,850.0,2.7,0.6,271.0,41.9415,184.0,VILLARDECIERVOS,74.0,1.4,1.4,3.3,924.1,,2.5,,-2.7,20.0,,0.0,,5.2,,,,,,,,,,842.2,,0.0,0.0,,2775X,ZAMORA
2867,-5.498292,2024-01-07T19:00:00,0.0,790.0,2.1,0.0,0.0,40.95957,90.0,SALAMANCA/MATACAN,,,,,930.3,,,,,,,,,,,,,,,,,,,,,,,,2867,SALAMANCA
2870,-5.662271,2024-01-07T19:00:00,0.0,775.0,2.6,1.6,53.0,40.957592,51.0,SALAMANCA OBS.,71.0,3.5,3.7,4.9,934.1,,,,-1.0,,,,32.0,,,,,,,,,,,854.4,,,,,2870,SALAMANCA
2916A,-6.437733,2024-01-07T19:00:00,0.0,769.0,2.4,0.6,87.0,41.01144,64.0,VITIGUDINO,75.0,2.2,2.2,3.7,932.9,,7.2,,-1.7,11.9,,0.0,,3.4,,,,,,,,,,837.6,,0.0,0.0,,2916A,SALAMANCA
2946X,-6.600021,2024-01-07T19:00:00,0.0,680.0,2.8,1.1,325.0,40.63502,19.0,SAELICES EL CHICO,70.0,2.8,2.8,4.9,942.9,,0.8,1024.9,-2.2,20.0,,0.0,,6.7,,,,,,,,,,,,0.0,0.0,,2946X,SALAMANCA
3013,-1.878928,2024-01-07T19:00:00,0.0,1061.72,4.3,1.9,255.0,40.841652,268.0,MOLINA DE ARAGÓN,89.0,0.0,0.2,0.5,898.3,0.6,-1.0,,-1.4,20.0,19.0,0.0,,3.2,,,0.0,,,,,5.3,"{'value': 1503.9, 'present': True}",,,,,,3013,GUADALAJARA
3094B,-3.02139,2024-01-07T19:00:00,0.0,808.0,6.0,1.0,350.0,40.012074,7.0,TARANCON,63.0,3.3,3.3,4.1,926.2,,6.1,,-3.0,19.7,,0.0,,7.4,,,,,,,,,,818.5,,0.0,0.0,,3094B,CUENCA
3100B,-3.546025,2024-01-07T19:00:00,0.0,540.0,1.9,0.5,214.0,40.06714,14.0,ARANJUEZ,70.0,1.5,1.7,2.6,,,,,-3.3,,,,23.0,,,,,,,,,,,,,,,,3100B,MADRID
3110C,-3.613809,2024-01-07T19:00:00,0.0,1030.0,5.4,0.5,196.0,41.006985,235.0,BUITRAGO,50.0,3.6,3.8,4.0,905.5,,,,-5.7,,,,66.0,,,,,,,,,,"{'value': 1540.5, 'present': True}",,,,,,3110C,MADRID
3111D,-3.580467,2024-01-07T19:00:00,0.0,1450.0,4.0,0.7,359.0,41.135685,352.0,SOMOSIERRA,95.0,-2.1,-1.6,-1.6,856.4,,,,-2.2,,,,28.0,,,,,,,,,,"{'value': 1509.7, 'present': True}",,,,,,3111D,MADRID
3129,-3.555593,2024-01-07T19:00:00,0.0,609.0,6.2,3.2,350.0,40.46656,360.0,MADRID/BARAJAS,62.0,4.8,4.9,5.4,953.7,0.4,2.4,1023.7,-1.7,30.0,4.0,0.0,,,,,,,,,,,,,,,,,3129,MADRID
3130C,-2.617927,2024-01-07T19:00:00,0.0,1005.0,3.5,1.0,283.0,41.086277,274.0,SIGÜENZA,84.0,0.4,0.6,2.0,906.2,,2.0,,-1.7,20.0,,0.0,,1.9,,,,,,,,,"{'value': 1516.1, 'present': True}",,,0.0,0.0,,3130C,GUADALAJARA
3168D,-3.150278,2024-01-07T19:00:00,0.0,727.44,2.7,0.7,211.0,40.630283,35.0,GUADALAJARA,74.0,2.8,2.8,4.3,936.5,0.4,3.4,1024.1,-1.4,20.0,40.0,0.0,,5.4,,,0.0,,,,,5.9,,,,,,,3168D,GUADALAJARA
3191E,-3.765135,2024-01-07T19:00:00,0.0,1004.0,7.1,2.8,345.0,40.696068,346.0,COLMENAR VIEJO/FAMET,49.0,1.9,2.3,2.7,905.8,,,,-7.5,,,,106.0,,,,,,,,,,,834.6,,,,,3191E,MADRID
3194U,-3.724167,2024-01-07T19:00:00,0.0,664.0,,,0.0,40.45167,,MADRID  C. UNIVERSITARIA,,,,,,,,,,,,,0.0,,,,,,,,,,,,,,,,3194U,MADRID
3195,-3.678095,2024-01-07T19:00:00,0.0,667.0,5.3,0.6,92.0,40.411804,59.0,MADRID RETIRO,65.0,5.1,5.1,6.0,943.5,,,1023.2,-1.0,,,,64.0,,,,,,,,,,,,,,,,3195,MADRID
3260B,-4.045278,2024-01-07T19:00:00,0.0,512.69,3.8,2.3,353.0,39.884724,300.0,TOLEDO,68.0,5.4,5.4,6.2,961.4,0.3,3.7,1023.5,0.0,20.0,10.0,0.0,,4.5,,,0.0,,,,,7.7,,,,,,,3260B,TOLEDO
3266A,-4.141883,2024-01-07T19:00:00,0.0,1532.0,0.0,0.0,0.0,40.70634,317.0,ALTO DE LOS LEONES,99.0,-3.0,-3.0,-2.7,849.0,,,,-3.0,,,,0.0,,,,,,,,,,"{'value': 1522.7, 'present': True}",,,,,,3266A,MADRID
3298X,-4.350468,2024-01-07T19:00:00,0.0,917.0,1.2,0.2,160.0,39.546833,131.0,SAN PABLO DE LOS MONTES,49.0,2.3,3.0,3.3,,,,,-6.7,,,,9.0,,,,,,,,,,,,,,,,3298X,TOLEDO
3338,-4.249927,2024-01-07T19:00:00,0.0,763.0,,,,40.42775,,ROBLEDO DE CHAVELA,52.0,2.0,2.1,4.4,933.0,,,,-6.7,,,,21.0,,,,,,,,,,,832.4,,,,,3338,MADRID
3365A,-4.863596,2024-01-07T19:00:00,0.0,372.0,1.3,0.4,214.0,39.958607,193.0,TALAVERA DE LA REINA,83.0,3.4,3.4,5.5,978.7,,7.2,1024.4,0.9,20.0,,0.0,,8.6,,,,,,,,,,,,0.0,0.0,,3365A,TOLEDO
3434X,-5.582629,2024-01-07T19:00:00,0.0,269.0,1.5,1.1,185.0,39.94576,210.0,NAVALMORAL DE LA MATA,85.0,4.3,4.3,7.3,990.2,,3.7,1023.4,2.1,20.0,,0.0,,9.8,,,,,,,,,,,,0.0,0.0,,3434X,CACERES
3469A,-6.338889,2024-01-07T19:00:00,0.0,393.98,3.8,1.0,317.0,39.47139,240.0,CÁCERES,76.0,4.9,5.6,5.6,976.2,0.3,4.2,1023.8,1.7,20.0,20.0,0.0,,8.9,,,0.0,,,,,9.4,,,,,,,3469A,CACERES
3519X,-6.085781,2024-01-07T19:00:00,0.0,415.0,1.1,0.6,289.0,40.043053,286.0,PLASENCIA,66.0,6.1,6.2,7.6,,,,,0.4,,,,12.0,,,,,,,,,,,,,,,,3519X,CACERES
3526X,-6.557527,2024-01-07T19:00:00,0.0,313.0,2.7,1.5,294.0,40.00354,276.0,CORIA,68.0,6.9,7.0,8.1,985.4,,4.4,1023.5,1.5,20.0,,0.0,,7.9,,,,,,,,,,,,0.0,0.0,,3526X,CACERES
3576X,-7.231135,2024-01-07T19:00:00,0.0,444.0,3.3,2.0,223.0,39.41486,221.0,VALENCIA DE ALCÁNTARA,83.0,4.8,4.8,7.2,970.0,,3.2,1024.0,2.1,20.0,,0.0,,9.5,,,,,,,,,,,,0.0,0.0,,3576X,CACERES
4061X,-3.048206,2024-01-07T19:00:00,0.0,691.52,1.9,0.7,340.0,39.59716,331.0,QUINTANAR DE LA ORDEN,58.0,4.1,4.1,4.5,939.8,,,1022.7,-3.6,,,,29.0,,,,,,,,,,,,,,,,4061X,TOLEDO
4067,-3.528358,2024-01-07T03:00:00,0.0,690.0,5.1,3.6,290.0,39.492065,281.0,MADRIDEJOS,83.0,1.3,1.5,1.6,940.1,,1.0,1023.4,-1.0,20.0,,0.0,,4.9,,,,,,,,,,,,0.0,0.0,,4067,TOLEDO
4090Y,-2.420691,2024-01-07T19:00:00,0.0,728.0,6.8,4.4,312.0,39.416737,322.0,SAN CLEMENTE,72.0,3.2,3.2,4.7,936.1,,3.3,1023.3,-1.4,20.0,,0.0,,5.1,,,,,,,,,,,,0.0,0.0,,4090Y,CUENCA
4103X,-3.00749,2024-01-07T19:00:00,0.0,662.0,2.4,1.4,319.0,39.169044,355.0,TOMELLOSO,76.0,3.1,3.2,4.0,944.5,,2.2,1024.2,-0.7,17.4,,0.0,,6.6,,,,,,,,,,,,0.0,0.0,,4103X,CIUDAD REAL
4121,-3.920278,2024-01-07T19:00:00,0.0,626.17,2.1,0.9,282.0,38.989166,295.0,CIUDAD REAL,69.0,5.8,5.8,7.0,948.5,0.3,2.6,1023.5,0.6,20.0,29.0,0.0,,5.4,,,0.0,,,,,6.4,,,,,,,4121,CIUDAD REAL
4147X,-3.391368,2024-01-07T19:00:00,0.0,700.0,1.9,0.7,130.0,38.750423,182.0,VALDEPEÑAS,65.0,3.2,3.2,5.1,939.6,,3.6,1023.6,-2.7,20.0,,0.0,,6.8,,,,,,,,,,,,0.0,0.0,,4147X,CIUDAD REAL
4148,-3.566724,2024-01-07T19:00:00,0.0,804.0,2.0,1.2,212.0,38.518047,229.0,VISO DEL MARQUÉS,63.0,2.3,2.5,4.0,,,,,,,,,42.0,,,,,,,,,,,,,,,,4148,CIUDAD REAL
4220X,-4.622035,2024-01-07T19:00:00,0.0,531.48,0.5,0.0,250.0,39.083622,231.0,PUEBLA DE DON RODRIGO,76.0,5.1,5.1,5.7,960.0,,,1024.3,1.3,,,,0.0,,,,,,,,,,,,,,,,4220X,CIUDAD REAL
4244X,-5.062271,2024-01-07T19:00:00,0.0,447.0,1.9,0.9,186.0,39.169353,144.0,HERRERA DEL DUQUE,80.0,4.1,4.1,6.2,969.8,,2.0,1024.3,0.9,20.0,,0.0,,8.3,,,,,,,,,,,,0.0,0.0,,4244X,BADAJOZ
4267X,-5.121442,2024-01-07T19:00:00,0.0,551.0,1.4,0.7,292.0,38.498367,265.0,HINOJOSA DEL DUQUE,81.0,4.8,4.9,5.6,957.3,,,1023.8,1.9,,,,28.0,,,,,,,,,,,,,,,,4267X,CORDOBA
4358X,-5.880481,2024-01-07T19:00:00,0.0,273.0,2.0,0.2,26.0,38.95559,288.0,DON BENITO,87.0,5.1,5.1,6.4,990.4,,6.5,1024.0,3.0,20.0,,0.0,,9.5,,,,,,,,,,,,0.0,0.0,,4358X,BADAJOZ
4386B,-6.017048,2024-01-07T19:00:00,0.0,655.0,2.5,1.1,283.0,38.23171,311.0,LLERENA,78.0,5.0,5.1,6.2,945.9,,4.1,1024.3,1.5,20.0,,0.0,,5.2,,,,,,,,,,,,0.0,0.0,,4386B,BADAJOZ
4410X,-6.385632,2024-01-07T19:00:00,0.0,228.0,1.0,0.2,111.0,38.915882,140.0,MÉRIDA,98.0,2.4,2.7,3.7,995.8,0.2,,1024.2,2.5,,9.0,,,,,,,,,,,,,,,,,,4410X,BADAJOZ
4452,-6.81389,2024-01-07T19:00:00,0.0,185.5,1.8,1.3,201.0,38.883396,200.0,BADAJOZ/TALAVERA LA REAL,86.0,6.8,6.8,8.2,1000.9,0.3,4.5,1023.8,4.6,,5.0,0.0,,7.2,,,0.0,,,,,9.2,,,,,,,4452,BADAJOZ
4511C,-6.765058,2024-01-07T19:00:00,0.0,381.0,3.5,2.4,78.0,38.298515,350.0,JEREZ DE LOS CABALLEROS,73.0,7.3,7.3,9.4,977.7,,5.3,1023.8,2.9,20.0,,0.0,,10.3,,,,,,,,,,,,0.0,0.0,,4511C,BADAJOZ
4549Y,-7.394971,2024-01-07T19:00:00,0.0,2.63,2.1,1.0,303.0,37.194607,286.0,AYAMONTE  ISLA CANELA,76.0,10.4,10.4,11.4,1022.8,,,1023.3,6.4,,,,40.0,,,,,,,,,,,,,,,,4549Y,HUELVA
4560Y,-6.674999,2024-01-07T19:00:00,0.0,572.0,6.8,2.8,357.0,37.868614,336.0,ALAJAR  CABEZO MOLINOS,71.0,6.9,7.6,7.6,954.9,,5.2,1023.1,2.7,,,0.0,,8.1,,,,,,,,,,,,0.0,0.0,,4560Y,HUELVA
4642E,-6.911696,2024-01-07T19:00:00,0.0,17.59,2.7,1.9,285.0,37.27841,280.0,HUELVA  RONDA ESTE,75.0,10.0,10.0,11.1,1020.5,0.2,9.2,1022.9,5.8,19.5,8.0,0.0,,12.6,,,0.0,,,,,13.3,,,,,,,4642E,HUELVA
5000C,-5.346967,2024-01-07T19:00:00,0.0,87.0,5.7,1.8,250.0,35.888725,295.0,CEUTA,63.0,12.6,12.8,12.8,1010.6,0.9,11.6,1021.3,5.9,20.0,51.0,0.0,,13.0,,,0.0,,,,,13.5,,,,,,,5000C,CEUTA
5047E,-2.734995,2024-01-07T19:00:00,0.0,785.0,11.5,7.4,272.0,37.50583,269.0,BAZA  CRUZ ROJA,44.0,6.1,6.2,7.0,929.4,,5.0,,-5.1,20.0,,0.0,,6.5,,,,,,,,,,823.9,,0.0,0.0,,5047E,GRANADA
5181D,-2.889764,2024-01-07T19:00:00,0.0,580.0,,,,38.314754,,ARROYO DEL OJANCO,67.0,5.2,5.2,6.3,,,,,,,,,0.0,,,,,,,,,,,,,,,,5181D,JAEN
5192,-2.637568,2024-01-07T19:00:00,0.0,862.0,3.4,2.4,129.0,38.48925,126.0,VILLARRODRIGO,69.0,2.5,2.6,3.7,921.6,,2.5,,-2.5,20.0,,0.0,,6.5,,,,,,,,,,832.2,,0.0,0.0,,5192,JAEN
5270B,-3.809167,2024-01-07T19:00:00,0.0,580.0,2.0,1.2,206.0,37.7775,220.0,JAÉN,68.0,4.0,4.0,4.8,954.1,0.1,2.1,1024.4,-1.4,20.0,6.0,0.0,,7.3,,,0.0,,,,,6.9,,,,,,,5270B,JAEN
5298X,-4.063333,2024-01-07T19:00:00,0.0,202.0,1.1,0.4,256.0,38.023052,245.0,ANDÚJAR,83.0,4.9,4.9,5.6,998.4,0.2,,1023.4,2.3,,14.0,,,,,,,,,,,,,,,,,,5298X,JAEN
5390Y,-4.608886,2024-01-07T19:00:00,0.0,750.0,2.8,1.5,333.0,38.333057,341.0,VILLANUEVA DE CÓRDOBA,79.0,3.6,3.6,4.9,934.6,,1.4,1024.2,0.2,20.0,,0.0,,7.2,,,,,,,,,,,,0.0,0.0,,5390Y,CORDOBA
5402,-4.846558,2024-01-07T19:00:00,0.0,90.0,1.5,1.1,210.0,37.848892,210.0,CÓRDOBA/AEROPUERTO,85.0,5.9,6.0,8.0,1011.8,0.1,5.4,1023.2,3.6,,5.0,0.0,,,,,,,,,,,,,,,,,5402,CORDOBA
5427X,-4.353893,2024-01-07T19:00:00,0.0,650.0,3.8,3.1,118.0,37.556114,121.0,DOÑA MENCIA,58.0,5.9,5.9,6.4,,,,,-1.7,,,,106.0,,,,,,,,,,,,,,,,5427X,CORDOBA
5530E,-3.789774,2024-01-07T19:00:00,0.0,560.12,4.1,2.4,250.0,37.190292,240.0,GRANADA/AEROPUERTO,67.0,5.6,5.8,7.6,954.6,0.5,3.9,1023.0,0.2,30.0,4.0,0.0,,,,,,,,,,,,,,,,,5530E,GRANADA
5582A,-4.152781,2024-01-07T19:00:00,0.0,760.0,3.9,1.5,243.0,37.16111,239.0,LOJA,55.0,7.8,8.1,9.0,,,,,,,,,51.0,,,,,,,,,,,,,,,,5582A,GRANADA
5612B,-4.769994,2024-01-07T19:00:00,0.0,410.0,1.8,0.8,235.0,37.194443,239.0,RODA DE ANDALUCÍA,87.0,2.4,2.4,5.6,973.1,,2.7,1023.5,0.4,20.0,,0.0,,8.3,,,,,,,,,,,,0.0,0.0,,5612B,SEVILLA
5641X,-5.085113,2024-01-07T19:00:00,0.0,130.0,1.6,0.7,283.0,37.516228,288.0,ECIJA,59.0,8.2,8.2,9.7,1007.1,,,1023.1,0.6,,,,35.0,,,,,,,,,,,,,,,,5641X,SEVILLA
5704B,-5.769728,2024-01-07T19:00:00,0.0,550.0,2.5,0.4,78.0,37.926388,59.0,CAZALLA DE LA SIERRA,88.0,2.3,2.4,4.7,957.3,,,1024.2,0.6,,,,32.0,,,,,,,,,,,,,,,,5704B,SEVILLA
5783,-5.879167,2024-01-07T19:00:00,0.0,34.0,1.5,1.1,110.0,37.416668,110.0,SEVILLA/SAN PABLO,84.0,6.6,6.9,9.6,1019.2,0.1,11.2,1023.0,4.3,,8.0,0.0,,,,,,,,,,,,,,,,,5783,SEVILLA
5796,-5.611474,2024-01-07T19:00:00,0.0,87.0,1.8,0.6,161.0,37.164528,157.0,MORÓN DE LA FRONTERA,72.0,7.9,7.9,10.4,,,,,3.2,,,,17.0,,,,,,,,,,,,,,,,5796,SEVILLA
5860E,-6.738088,2024-01-07T19:00:00,0.0,41.0,2.3,1.2,352.0,37.097942,6.0,EL ARENOSILLO,78.0,8.5,8.8,10.2,1018.3,,,1023.4,5.1,,,,54.0,,,,,,,,,,,,,,,,5860E,HUELVA
5911A,-5.37403,2024-01-07T19:00:00,0.0,913.0,3.2,1.9,301.0,36.76044,296.0,GRAZALEMA,50.0,1.1,1.2,1.8,916.8,,,,-8.2,,,,68.0,,,,,,,,,,,841.3,,,,,5911A,CADIZ
5960,-6.055857,2024-01-07T19:00:00,0.0,27.0,9.3,4.5,350.0,36.750496,320.0,JEREZ DE LA FRONTERA/AEROPUERTO,74.0,8.5,9.0,10.0,1019.2,0.1,7.3,1022.6,4.6,,1.0,0.0,,,,,,,,,,,,,,,,,5960,CADIZ
5972X,-6.205557,2024-01-07T19:00:00,0.0,28.0,3.7,0.9,4.0,36.465557,332.0,SAN FERNANDO,58.0,11.0,11.0,12.2,1018.8,,,1022.3,3.0,,,,55.0,,,,,,,,,,,,,,,,5972X,CADIZ
5973,-6.257861,2024-01-07T19:00:00,0.0,2.0,5.9,3.3,5.0,36.49972,353.0,CÁDIZ  OBSERVATORIO,68.0,12.8,12.8,13.4,1022.0,0.4,,1022.7,7.0,,6.0,,,,,,,,,,,,,,,,,,5973,CADIZ
5995B,-5.965005,2024-01-07T19:00:00,0.0,186.0,7.3,3.0,347.0,36.245556,344.0,VEJER DE LA FRONTERA,61.0,10.9,10.9,11.4,998.8,,,1021.3,3.6,,,,89.0,,,,,,,,,,,,,,,,5995B,CADIZ
6000A,-2.95638,2024-01-07T19:00:00,0.0,52.0,3.8,1.7,247.0,35.276325,250.0,MELILLA,60.0,12.4,12.4,13.1,1014.5,0.4,8.1,1021.4,4.8,,15.0,0.0,,10.8,,,0.0,,,,,12.6,,,,,,,6000A,MELILLA
6001,-5.59883,2024-01-07T19:00:00,0.0,32.0,4.9,2.3,320.0,36.013985,330.0,TARIFA,61.0,11.4,12.1,12.8,,,,,,,,,,,,,,,,,,,,,,,,,6001,CADIZ
6058I,-5.154988,2024-01-07T19:00:00,0.0,19.0,1.0,0.6,253.0,36.416954,280.0,ESTEPONA,51.0,10.9,10.9,12.6,1020.0,,7.9,1022.3,1.1,20.0,,0.0,,12.8,,,,,,,,,,,,0.0,0.0,,6058I,MALAGA
6084X,-4.618209,2024-01-07T19:00:00,0.0,8.0,3.0,0.9,80.0,36.538494,73.0,FUENGIROLA,,,,,1019.7,,,,,,,,35.0,,,,,,,,,,,,,,,,6084X,MALAGA
6106X,-4.748339,2024-01-07T19:00:00,0.0,408.0,2.8,1.0,319.0,37.029446,316.0,ANTEQUERA-BOBADILLA,55.0,7.0,7.1,8.7,973.0,,,1022.3,-1.4,,,,40.0,,,,,,,,,,,,,,,,6106X,MALAGA
6155A,-4.482307,2024-01-07T19:00:00,0.0,6.54,7.2,4.7,280.0,36.66612,270.0,MÁLAGA/AEROPUERTO,39.0,12.6,12.8,14.0,1020.1,0.6,10.5,1021.0,-0.7,,3.0,0.0,,,,,,,,,,,,,,,,,6155A,MALAGA
6156X,-4.48167,2024-01-07T19:00:00,0.0,54.0,7.0,2.6,288.0,36.717785,278.0,MÁLAGA CMT,42.0,13.2,13.4,14.0,1014.6,0.8,,1021.2,0.6,,21.0,,,,,,,,,,,,,,,,,,6156X,MALAGA
6172O,-4.41972,2024-01-07T19:00:00,0.0,25.0,4.0,2.1,237.0,36.716663,223.0,MÁLAGA PUERTO,39.0,13.1,13.4,13.7,1018.0,,,1021.0,-0.3,,,,40.0,,,,,,,,,,,,,,,,6172O,MALAGA
6205X,-3.95722,2024-01-07T19:00:00,0.0,3.0,3.8,2.6,18.0,36.726383,12.0,TORROX FARO,82.0,,,,1020.2,,,,,,,,85.0,,,,,,,,,,,,,,,,6205X,MALAGA
6277B,-3.020578,2024-01-07T19:00:00,0.0,8.0,5.5,0.4,303.0,36.74718,270.0,ADRA CLUB NAÚTICO,,,,,1021.0,,,,,,,,78.0,,,,,,,,,,,,,,,,6277B,ALMERIA
6293X,-2.701667,2024-01-07T19:00:00,0.0,3.0,5.1,3.6,279.0,36.68694,280.0,ROQUETAS DE MAR-FARO SABINAR,79.0,10.3,10.8,11.8,1019.5,,15.0,1019.9,7.3,20.0,,0.0,,14.9,,,,,,,,,,,,0.0,0.0,,6293X,ALMERIA
6302A,-2.780005,2024-01-07T19:00:00,0.0,869.0,5.0,1.3,340.0,37.141388,333.0,ABLA,42.0,5.7,5.7,7.2,919.7,,,,-6.4,,,,60.0,,,,,,,,,,,822.0,,,,,6302A,ALMERIA
6325O,-2.356931,2024-01-07T19:00:00,0.0,21.0,5.1,1.6,260.0,36.846344,250.0,ALMERÍA/AEROPUERTO,70.0,12.5,12.6,13.0,1017.1,1.0,11.0,1019.6,7.3,,107.0,,,,,,,,,,,,,,,,,,6325O,ALMERIA
6367B,-1.943609,2024-01-07T19:00:00,0.0,300.0,,,25.0,37.390556,66.0,HUERCAL OVERA,56.0,8.9,8.9,9.9,984.2,,,1020.4,0.6,,,,40.0,,,,,,,,,,,,,,,,6367B,ALMERIA
7002Y,-1.586878,2024-01-07T19:00:00,0.0,32.0,4.2,2.0,45.0,37.41724,45.0,ÁGUILAS,61.0,11.3,11.3,12.0,1016.6,,10.3,1020.5,4.1,20.0,,0.0,,15.0,,,,,,,,,,,,0.0,0.0,,7002Y,MURCIA
7012C,-0.987775,2024-01-07T19:00:00,0.0,17.0,2.6,1.2,318.0,37.601116,317.0,CARTAGENA,43.0,12.6,12.6,13.2,,,,,,,,,46.0,,,,,,,,,,,,,,,,7012C,MURCIA
7031X,-0.805916,2024-01-07T19:00:00,0.0,4.0,7.7,5.2,350.0,37.77833,340.0,MURCIA/SAN JAVIER,37.0,11.4,11.6,12.6,1019.8,0.7,10.0,1020.3,-2.7,,3.0,0.0,,,,,,,,,,,,,,,,,7031X,MURCIA
7096B,-1.70294,2024-01-07T19:00:00,0.0,604.57,5.4,2.4,186.0,38.541992,181.0,HELLÍN,49.0,6.2,6.2,7.2,950.1,,,1022.3,-3.9,,,,95.0,,,,,,,,,,,,,,,,7096B,ALBACETE
7119B,-1.877167,2024-01-07T19:00:00,0.0,643.0,4.8,1.1,315.0,38.10313,354.0,CARAVACA FUENTES DEL MARQUÉS,53.0,5.5,5.5,6.7,945.5,,6.2,1022.3,-3.3,20.0,,0.0,,9.1,,,,,,,,,,,,0.0,0.0,,7119B,MURCIA
7145D,-1.380598,2024-01-07T19:00:00,0.0,265.0,7.5,2.1,310.0,38.23279,287.0,CIEZA  PARQUE DE BOMBEROS,41.0,10.0,10.1,11.0,,,,,-2.5,,,,99.0,,,,,,,,,,,,,,,,7145D,MURCIA
7178I,-1.170836,2024-01-07T19:00:00,0.0,61.84,7.6,3.9,308.0,38.002003,320.0,MURCIA,38.0,12.1,12.1,12.4,1013.3,0.8,11.4,1020.9,-1.7,20.0,10.0,0.0,,13.0,,,0.0,,,,,12.8,,,,,,,7178I,MURCIA
7209,-1.687314,2024-01-07T19:00:00,0.0,312.0,1.7,0.1,328.0,37.65484,318.0,LORCA,67.0,7.7,7.8,10.0,,,,,2.1,,,,7.0,,,,,,,,,,,,,,,,7209,MURCIA
7247X,-1.037968,2024-01-07T19:00:00,0.0,575.0,4.5,1.3,296.0,38.399586,307.0,PINOSO,54.0,7.1,7.2,7.8,,,,,-1.4,,,,48.0,,,,,,,,,,,,,,,,7247X,ALICANTE
7275C,-1.159669,2024-01-07T19:00:00,0.0,640.0,13.9,7.0,266.0,38.601795,274.0,YECLA,51.0,7.0,7.2,7.4,945.0,,5.8,1020.9,-2.2,20.0,,0.0,,8.3,,,,,,,,,,,,0.0,0.0,,7275C,MURCIA
8019,-0.57083,2024-01-07T19:00:00,0.0,43.0,6.7,4.5,260.0,38.28278,260.0,ALICANTE-ELCHE/AEROPUERTO,42.0,10.5,10.7,11.5,1015.8,0.5,10.1,1019.6,-1.7,,3.0,0.0,,,,,,,,,,,,,,,,,8019,ALICANTE
8025,-0.494167,2024-01-07T19:00:00,0.0,80.66,6.5,2.8,295.0,38.3725,285.0,ALICANTE,35.0,11.9,11.9,12.3,1009.2,1.1,10.6,1019.1,-3.0,20.0,27.0,0.0,,11.2,,,0.0,,,,,11.5,,,,,,,8025,ALICANTE
8050X,0.166667,2024-01-07T19:00:00,0.0,15.0,8.9,4.0,278.0,38.78417,260.0,JÁVEA  AYUNTAMIENTO,34.0,12.2,12.8,13.0,1016.4,,12.0,1018.2,-2.7,20.0,,0.0,,12.9,,,,,,,,,,,,0.0,0.0,,8050X,ALICANTE
8096,-2.131944,2024-01-07T19:00:00,0.0,948.52,8.3,2.0,331.0,40.067223,333.0,CUENCA,71.0,2.8,2.9,3.1,909.9,1.3,1.7,,-2.0,20.0,59.0,0.0,,6.6,,,0.0,,,,,7.0,,818.8,,,,,8096,CUENCA
8175,-1.856389,2024-01-07T19:00:00,0.0,702.0,,,,38.954166,,ALBACETE/LOS LLANOS,66.0,4.5,4.5,5.5,938.4,,,,,,,0.0,,5.4,,,0.0,,,,,6.7,,,,,,,8175,ALBACETE
8178D,-1.862335,2024-01-07T19:00:00,0.0,674.11,5.0,2.1,280.0,39.005577,271.0,ALBACETE OBS.,63.0,4.1,4.1,5.5,941.8,,,1022.7,-2.2,,,,66.0,,,,,,,,,,,,,,,,8178D,ALBACETE
8293X,-0.523056,2024-01-07T19:00:00,0.0,88.0,5.1,2.6,258.0,39.001667,259.0,XÁTIVA,42.0,9.1,9.9,9.9,1008.3,,7.5,1019.0,-2.5,20.0,,0.0,,11.7,,,,,,,,,,,,0.0,0.0,,8293X,VALENCIA
8309X,-1.244795,2024-01-07T19:00:00,0.0,758.0,9.7,6.9,290.0,39.575455,280.0,UTIEL  LA CUBERA,54.0,4.5,4.6,5.7,930.6,,4.0,,-3.9,20.0,,0.0,,6.2,,,,,,,,,,807.5,,0.0,0.0,,8309X,VALENCIA
8325X,-0.371947,2024-01-07T19:00:00,0.0,12.0,3.6,1.3,234.0,39.184723,208.0,POLINYA,43.0,8.7,9.8,9.9,,,,,-2.2,,,,31.0,,,,,,,,,,,,,,,,8325X,VALENCIA
8368U,-1.124132,2024-01-07T19:00:00,0.0,901.67,8.4,3.6,323.0,40.350716,305.0,TERUEL,68.0,2.9,3.0,3.3,914.4,1.2,2.3,,-2.2,20.0,25.0,0.0,,3.7,,,0.0,,,,,4.8,,810.3,,,,,8368U,TERUEL
8414A,-0.474677,2024-01-07T19:00:00,0.0,55.9,6.7,4.3,260.0,39.485016,260.0,VALENCIA/AEROPUERTO,38.0,9.8,9.9,10.8,1010.8,0.4,8.3,1017.6,-3.9,,7.0,0.0,,,,,,,,,,,,,,,,,8414A,VALENCIA
8416Y,-0.366387,2024-01-07T19:00:00,0.0,11.0,6.2,1.9,310.0,39.480556,314.0,VALENCIA DT,33.0,11.2,11.5,11.9,,,,,-4.2,,,,55.0,,,,,,,,,,,,,,,,8416Y,VALENCIA
8489X,-0.255675,2024-01-07T19:00:00,0.0,1130.0,20.3,12.0,311.0,40.433216,312.0,VILLAFRANCA,,0.7,0.9,1.4,886.6,,0.4,,,20.0,,0.0,,6.0,,,,,,,,,,,,0.0,0.0,,8489X,CASTELLON
8500A,-0.071967,2024-01-07T19:00:00,0.0,43.39,8.1,3.8,305.0,39.95728,278.0,CASTELLÓN-ALMASSORA,36.0,10.7,11.1,11.1,1010.8,1.5,9.9,1016.7,-3.6,20.0,36.0,0.0,,9.1,,,0.0,,,,,10.1,,,,,,,8500A,CASTELLON
9001D,-4.160594,2024-01-07T19:00:00,0.0,870.0,4.8,2.3,314.0,42.991882,335.0,NESTARES,88.0,1.0,2.4,2.4,922.3,,,,0.6,,,,54.0,,,,,,,,,,,848.1,,,,,9001D,CANTABRIA
9019B,-3.933916,2024-01-07T19:00:00,0.2,720.0,1.2,0.0,187.0,42.806248,33.0,POLIENTES-CASYC,99.0,2.1,2.2,2.2,,,,,2.1,,,,9.0,,,,,,,,,,,,,,,,9019B,CANTABRIA
9051,-3.482685,2024-01-07T19:00:00,0.0,580.0,1.9,0.8,320.0,42.919903,254.0,MEDINA DE POMAR,87.0,2.6,2.6,3.5,955.6,,4.9,1026.1,0.6,20.0,,0.0,,6.9,,,,,,,,,,,,0.0,0.0,,9051,BURGOS
9091R,-2.732913,2024-01-07T19:00:00,0.0,513.0,5.1,1.8,210.0,42.871933,310.0,VITORIA-GASTEIZ AEROPUERTO,93.0,2.4,2.8,3.2,962.9,0.7,2.6,1025.1,1.7,,22.0,0.0,,,,,,,,,,,,,,,,,9091R,ARABA/ALAVA
9111,-3.170282,2024-01-07T19:00:00,0.0,820.0,4.4,2.4,297.0,42.421116,273.0,BELORADO,91.0,2.3,2.4,2.6,,,,,1.1,,,,83.0,,,,,,,,,,,,,,,,9111,BURGOS
9170,-2.331024,2024-01-07T19:00:00,0.0,353.0,6.2,3.9,260.0,42.452343,250.0,LOGROÑO  AEROPUERTO,86.0,2.6,2.7,3.3,979.6,0.4,3.6,1024.3,0.6,,6.0,0.0,,,,,,,,,,,,,,,,,9170,LA RIOJA
9208E,-0.672778,2024-01-07T19:00:00,0.0,1025.0,14.1,2.8,306.0,42.70861,11.0,ARAGÜÉS DEL PUERTO  DEPÓSITO,53.0,0.9,0.9,1.2,899.0,,0.3,,-7.5,20.0,,0.0,,4.3,,,,,,,,,"{'value': 1472.8, 'present': True}",,,0.0,0.0,,9208E,HUESCA
9244X,-1.213333,2024-01-07T19:00:00,0.0,626.0,8.3,3.9,318.0,42.490833,318.0,SOS DEL REY CATÓLICO,74.0,2.6,2.7,2.8,,1.0,,,-1.4,,16.0,,,,,,,,,,,,,,,,,,9244X,ZARAGOZA
9263D,-1.649869,2024-01-07T19:00:00,0.0,459.0,7.2,2.8,310.0,42.77695,320.0,PAMPLONA  AEROPUERTO,93.0,2.4,2.7,3.2,968.3,0.1,2.7,1023.7,1.7,28.7,7.0,0.0,,,,,,,,,,,,,,,,,9263D,NAVARRA
9263X,-1.532487,2024-01-07T19:00:00,0.0,572.0,4.4,1.4,288.0,42.7761,275.0,ARANGUREN  ILUNDAIN,91.0,2.1,2.5,2.9,,0.3,,,1.3,,10.0,,,,,,,,,,,,,,,,,,9263X,NAVARRA
9294E,-1.475169,2024-01-07T19:00:00,0.0,295.0,8.2,4.9,295.0,42.198544,302.0,BARDENAS REALES  BASE AÉREA,80.0,4.1,4.5,5.1,986.0,,3.7,1022.2,1.3,20.0,,0.0,,6.6,,,,,,,,,,,,0.0,0.0,,9294E,NAVARRA
9381I,-1.293327,2024-01-07T19:00:00,0.0,883.96,7.5,2.6,350.0,40.926113,295.0,CALAMOCHA,76.0,1.8,1.8,3.2,917.3,0.7,1.2,,-2.0,20.0,19.0,0.0,,4.2,,,0.0,,,,,5.4,,818.0,,,,,9381I,TERUEL
9390,-1.41,2024-01-07T19:00:00,0.0,774.33,2.9,0.2,61.0,41.114445,65.0,DAROCA ,73.0,2.5,2.5,3.6,,,,,,,,,,,,,,,,,,,,,,,,,9390,ZARAGOZA
9394X,-1.645297,2024-01-07T19:00:00,0.0,582.0,9.3,3.7,307.0,41.33104,311.0,CALATAYUD  DEPÓSITO,62.0,4.4,4.6,5.1,952.0,,3.6,1022.0,-2.0,20.0,,0.0,,5.7,,,,,,,,,,,,0.0,0.0,,9394X,ZARAGOZA
9434,-1.004167,2024-01-07T19:00:00,0.0,249.0,13.9,10.0,304.0,41.660557,295.0,ZARAGOZA  AEROPUERTO,75.0,6.1,6.2,6.3,990.5,0.9,5.8,1021.3,2.1,,5.0,0.0,,6.1,,,0.0,,,,,7.3,,,,,,,9434,ZARAGOZA
9434P,-0.934722,2024-01-07T19:00:00,0.0,258.0,14.4,7.0,311.0,41.621113,312.0,ZARAGOZA  VALDESPARTERA,68.0,6.0,6.0,6.2,989.4,,5.4,1021.0,0.6,20.0,,0.0,,6.9,,,,,,,,,,,,0.0,0.0,,9434P,ZARAGOZA
9563X,-0.186663,2024-01-07T19:00:00,0.0,1220.0,,,,40.498608,,CASTELLFORT,62.0,-1.1,-1.0,-0.3,,,,,-7.5,,,,0.0,,,,,,,,,,,,,,,,9563X,CASTELLON
9569A,-0.237653,2024-01-07T19:00:00,0.0,466.0,16.1,8.2,291.0,40.946556,290.0,CALANDA,57.0,5.0,5.1,5.4,963.9,,5.1,1020.2,-2.7,20.0,,0.0,,6.9,,,,,,,,,,,,0.0,0.0,,9569A,TERUEL
9573X,-0.141596,2024-01-07T19:00:00,0.0,334.0,12.3,6.9,282.0,41.058037,278.0,ALCAÑIZ,67.0,5.2,5.3,5.6,,1.5,,,-0.3,,12.0,,,,,,,,,,,,,,,,,,9573X,TERUEL
9585,1.939446,2024-01-07T19:00:00,0.0,1699.12,15.1,5.5,289.0,42.3325,281.0,LA MOLINA,58.0,-5.4,-5.3,-4.8,823.1,2.3,-4.0,,-12.2,20.0,40.0,0.0,,1.4,14.7,296.0,0.0,6.0,1.7,16.0,280.0,2.2,"{'value': 1444.1, 'present': True}",,4.0,,,,9585,GIRONA
9619,1.462778,2024-01-07T19:00:00,0.0,677.0,5.0,0.5,265.0,42.35472,233.0,LA SEO D?URGELL,40.0,2.4,3.7,4.3,,,,,-8.6,,,,50.0,,,,,,,,,,,,,,,,9619,LLEIDA
9698U,0.864722,2024-01-07T19:00:00,0.0,807.0,6.9,1.7,52.0,42.204723,12.0,TALARN,36.0,2.2,2.2,3.3,920.1,,-2.9,,-11.2,20.0,,0.0,,3.3,,,,,,,,,,764.1,,0.0,0.0,,9698U,LLEIDA
9771C,0.598058,2024-01-07T19:00:00,0.0,185.83,11.1,6.0,293.0,41.626106,303.0,LLEIDA,53.0,6.1,6.1,7.3,991.8,1.4,4.8,1016.5,-2.7,20.0,12.0,0.0,,6.5,,,0.0,,,,,8.0,,,,,,,9771C,LLEIDA
9784P,0.224707,2024-01-07T19:00:00,0.0,992.0,11.4,4.3,300.0,42.629967,319.0,BIELSA,44.0,1.5,1.9,1.9,901.7,,0.6,,-9.0,20.0,,0.0,,2.7,,,,,,,,,,785.8,,0.0,0.0,,9784P,HUESCA
9898,-0.325555,2024-01-07T19:00:00,0.0,546.0,9.0,2.5,304.0,42.084557,240.0,HUESCA  AEROPUERTO,58.0,3.1,3.1,3.2,951.0,1.2,2.2,1018.2,-4.5,,69.0,0.0,,3.3,,,0.0,,,,,4.1,,,,,,,9898,HUESCA
9981A,0.493333,2024-01-07T19:00:00,0.0,49.92,17.9,8.3,306.0,40.82028,320.0,TORTOSA,53.0,8.8,8.8,9.5,1010.7,2.6,9.1,1015.7,-0.3,20.0,19.0,0.0,,11.2,,,0.0,,,,,11.7,,,,,,,9981A,TARRAGONA
9990X,0.876944,2024-01-07T19:00:00,0.0,1161.0,8.5,3.1,221.0,42.70028,259.0,ARTIES,76.0,-2.4,-2.4,-1.7,,,,,-6.0,,,,113.0,,,,,,,,,,,,,,,,9990X,LLEIDA
B013X,2.885828,2024-01-07T19:00:00,0.0,490.0,8.3,2.0,147.0,39.823338,155.0,LLUC,62.0,7.4,7.6,7.7,,,,,0.9,,,,98.0,,,,,,,,,,,,,,,,B013X,ILLES BALEARS
B228,2.625268,2024-01-07T19:00:00,0.0,3.0,8.0,3.2,330.0,39.554256,322.0,PALMA-PORTOPÍ,50.0,12.4,12.8,12.8,1013.1,,,1013.4,2.7,,,,88.0,,,,,,,,,,,,,,,,B228,ILLES BALEARS
B248,2.713058,2024-01-07T19:00:00,0.0,1030.0,23.0,13.7,314.0,39.734997,293.0,SIERRA DE ALFABIA,82.0,3.4,3.6,3.7,,,,,0.9,,,,469.0,,,,,,,,,,,,,,,,B248,ILLES BALEARS
B278,2.736706,2024-01-07T19:00:00,0.0,8.0,9.3,5.1,310.0,39.5608,310.0,PALMA DE MALLORCA/SON SANT JOAN,58.0,11.0,11.2,11.4,1012.9,1.0,10.7,1013.5,3.2,,5.0,0.0,,,,,,,,,,,,,,,,,B278,ILLES BALEARS
B434X,3.271687,2024-01-07T19:00:00,0.0,17.0,9.8,4.4,319.0,39.414555,320.0,PORTO COLOM,49.0,10.6,10.9,11.3,1010.6,,9.5,1012.7,0.6,20.0,,0.0,,9.3,,,,,,,,,,,,0.0,0.0,,B434X,ILLES BALEARS
B569X,3.478002,2024-01-07T19:00:00,0.0,57.0,9.3,1.7,308.0,39.716694,312.0,CAPDEPERA-FARO,52.0,11.5,11.8,11.9,,,,,2.3,,,,134.0,,,,,,,,,,,,,,,,B569X,ILLES BALEARS
B691Y,3.01667,2024-01-07T19:00:00,0.0,40.0,10.0,3.1,283.0,39.749165,302.0,SA POBLA-SA CANOVA,48.0,11.1,11.7,11.8,1009.1,,8.6,1013.9,1.1,,,0.0,,12.6,,,,,,,,,,,,,,,B691Y,ILLES BALEARS
B893,4.215556,2024-01-07T19:00:00,0.0,91.0,11.3,4.8,340.0,39.854725,10.0,MENORCA/AEROPUERTO,56.0,8.1,9.3,9.6,1001.8,1.2,7.0,1012.2,1.1,,4.0,0.0,,,,,,,,,,,,,,,,,B893,ILLES BALEARS
B954,1.384446,2024-01-07T19:00:00,0.0,6.0,14.4,8.1,330.0,38.876385,330.0,IBIZA/ES CODOLÁ,36.0,12.8,12.9,13.5,1014.3,1.3,12.0,1015.1,-2.0,,5.0,0.0,,,,,,,,,,,,,,,,,B954,ILLES BALEARS
C029O,-13.600279,2024-01-07T19:00:00,0.0,14.0,10.8,4.0,350.0,28.951942,350.0,LANZAROTE/AEROPUERTO,72.0,18.6,18.7,19.6,1018.5,0.5,18.8,1023.1,13.6,,5.0,0.0,,,,,,,,,,,,,,,,,C029O,LAS PALMAS
C129Z,-17.915277,2024-01-07T19:00:00,0.0,62.0,1.1,0.0,172.0,28.595833,296.0,TAZACORTE,71.0,20.0,20.0,20.8,1012.4,,,1019.7,14.6,,,,3.0,,,,,,,,,,,,,,,,C129Z,STA. CRUZ DE TENERIFE
C139E,-17.755005,2024-01-07T19:00:00,0.0,33.0,4.1,2.5,280.0,28.633057,280.0,LA PALMA/AEROPUERTO,80.0,18.8,18.9,20.5,1015.0,0.1,,1018.7,15.3,,4.0,0.0,,,,,,,,,,,,,,,,,C139E,STA. CRUZ DE TENERIFE
C229J,-14.358002,2024-01-07T19:00:00,0.0,15.0,2.2,0.4,120.0,28.04904,107.0,PÁJARA-PUERTO MORRO JABLE,71.0,19.8,19.9,20.3,1020.4,,,1022.2,14.5,,,,24.0,,,,,,,,,,,,,,,,C229J,LAS PALMAS
C249I,-13.863055,2024-01-07T19:00:00,0.0,25.0,6.2,4.8,50.0,28.44472,60.0,FUERTEVENTURA/AEROPUERTO,76.0,18.9,19.0,19.4,1017.5,0.4,18.1,1022.9,14.7,21.8,3.0,0.0,,,,,,,,,,,,,,,,,C249I,LAS PALMAS
C329Z,-17.11139,2024-01-07T19:00:00,0.0,15.0,5.4,2.4,3.0,28.089722,360.0,SAN SEBASTIÁN DE LA GOMERA,,,,,,,,,,,,,72.0,,,,,,,,,,,,,,,,C329Z,STA. CRUZ DE TENERIFE
C429I,-16.561157,2024-01-07T19:00:00,0.0,64.0,7.2,4.2,50.0,28.046991,50.0,TENERIFE/SUR,77.0,19.5,19.6,20.7,1011.6,0.4,19.5,1020.7,15.4,,3.0,13.0,,,,,,,,,,,,,,,,,C429I,STA. CRUZ DE TENERIFE
C430E,-16.499722,2024-01-07T19:00:00,0.0,2368.93,3.6,3.2,324.0,28.308332,326.0,IZAÑA,49.0,7.5,7.5,9.1,772.0,0.2,6.2,,-2.5,20.0,1.0,1.8,,9.7,,,0.0,,,,,9.2,,,,,,3168.9,C430E,STA. CRUZ DE TENERIFE
C439J,-16.382229,2024-01-07T19:00:00,0.0,115.0,3.8,2.3,25.0,28.318405,67.0,TENERIFE-GÜIMAR,80.0,19.0,19.0,19.1,1006.8,,,1020.9,15.4,,,,,,,,,,,,,,,,,,,,C439J,STA. CRUZ DE TENERIFE
C447A,-16.329445,2024-01-07T19:00:00,0.0,632.0,4.6,1.5,270.0,28.477497,310.0,TENERIFE/LOS RODEOS,90.0,14.8,14.9,15.9,949.7,0.3,12.9,1020.8,13.3,30.0,17.0,0.0,,,,,,,,,,,,,,,,,C447A,STA. CRUZ DE TENERIFE
C449C,-16.255281,2024-01-07T19:00:00,0.0,35.61,4.8,2.6,101.0,28.463337,113.0,SANTA CRUZ DE TENERIFE ,78.0,19.9,20.0,20.1,1015.3,0.8,19.6,1020.8,16.0,20.0,20.0,0.0,,21.1,,,0.0,,,,,21.5,,,,,,,C449C,STA. CRUZ DE TENERIFE
C459Z,-16.548332,2024-01-07T19:00:00,0.0,25.0,3.6,1.8,80.0,28.418056,45.0,PUERTO DE LA CRUZ,84.0,21.0,21.0,21.8,1016.7,,,1019.6,18.2,,,,80.0,,,,,,,,,,,,,,,,C459Z,STA. CRUZ DE TENERIFE
C629X,-15.764167,2024-01-07T19:00:00,0.0,10.0,5.3,3.9,118.0,27.81639,119.0,PUERTO DE MOGÁN,79.0,19.2,19.3,19.4,,,,,15.5,,,,150.0,,,,,,,,,,,,,,,,C629X,LAS PALMAS
C649I,-15.395303,2024-01-07T19:00:00,0.0,24.0,7.2,4.8,360.0,27.917725,350.0,LAS PALMAS DE GRAN CANARIA/GANDO,76.0,19.2,19.3,20.4,1015.3,0.5,22.2,1020.9,15.0,,150.0,0.0,,,,,,,,,,,,,,,,,C649I,LAS PALMAS
C659H,-15.416111,2024-01-07T19:00:00,0.0,55.0,3.3,2.2,313.0,28.089722,317.0,LAS PALMAS G.C. SAN CRISTÓBAL,73.0,16.5,19.4,19.9,,,,,14.4,,,,65.0,,,,,,,,,,,,,,,,C659H,LAS PALMAS
C659M,-15.421389,2024-01-07T19:00:00,0.0,15.0,1.8,0.1,309.0,28.113056,322.0,LAS PALMAS DE GC. PLAZA  DE LA FERIA,75.0,19.7,19.7,20.0,1018.2,,,1020.0,15.2,,,,18.0,,,,,,,,,,,,,,,,C659M,LAS PALMAS
C689E,-15.595833,2024-01-07T19:00:00,0.0,6.0,7.5,5.2,66.0,27.735832,75.0,MASPALOMAS,75.0,19.4,19.5,19.9,,0.6,,,15.0,,7.0,,,,,,,,,,,,,,,,,,C689E,LAS PALMAS
C929I,-17.88889,2024-01-07T19:00:00,0.0,32.0,2.6,1.7,260.0,27.818888,260.0,EL HIERRO/AEROPUERTO,75.0,20.2,20.4,21.3,1016.5,0.8,,1020.3,15.8,,31.0,0.0,,,,,,,,,,,,,,,,,C929I,STA. CRUZ DE TENERIFE
